review,date,product,region
"This wireless earbuds battery lasts all day, really impressed!",2024-10-15,Earbuds,North
"The sound quality is poor and there is constant static noise",2024-10-16,Earbuds,South
"Fast charging feature works perfectly on these earbuds",2024-10-17,Earbuds,East
"Customer support ignored my emails for a week about defective earbuds",2024-10-18,Earbuds,West
"Comfortable fit and excellent noise cancellation",2024-10-19,Earbuds,North
"Overpriced for the average audio quality you get",2024-10-20,Earbuds,South
"Delivery was super quick and packaging was secure",2024-10-21,Earbuds,East
"Bass is weak and the microphone quality is terrible during calls",2024-10-22,Earbuds,West
"Love the sleek design and how light they feel",2024-10-23,Earbuds,North
"Battery drains within 3 hours of continuous use",2024-10-24,Earbuds,South
"The smartwatch tracks steps and heart rate accurately",2024-10-25,Smartwatch,East
"Screen scratches very easily, poor build quality",2024-10-26,Smartwatch,West
"Battery life on the smartwatch is outstanding, lasts 5 days",2024-10-27,Smartwatch,North
"App connectivity keeps disconnecting randomly",2024-10-28,Smartwatch,South
"Stylish look and the display is bright even outdoors",2024-10-29,Smartwatch,East
"Too expensive compared to other smartwatches with similar features",2024-10-30,Smartwatch,West
"Heart rate monitor gives inaccurate readings during workouts",2024-10-31,Smartwatch,North
"Customer service was helpful and replaced my faulty smartwatch quickly",2024-11-01,Smartwatch,South
"Water resistance claim is false, stopped working after light rain",2024-11-02,Smartwatch,East
"Very comfortable to wear all day and night",2024-11-03,Smartwatch,West
"This power bank charges my phone extremely fast",2024-11-04,Power Bank,North
"Stopped working after only two months of use",2024-11-05,Power Bank,South
"Compact size and high capacity, perfect for travel",2024-11-06,Power Bank,East
"Gets very hot while charging, feels unsafe",2024-11-07,Power Bank,West
"Excellent value for money, highly recommended",2024-11-08,Power Bank,North
"The cable that came with it is flimsy and broke quickly",2024-11-09,Power Bank,South
"Supports fast charging for both Android and iPhone",2024-11-10,Power Bank,East
"Took more than 10 days to arrive, very slow shipping",2024-11-11,Power Bank,West
"Multiple device charging works without any issues",2024-11-12,Power Bank,North
"Capacity is much lower than advertised",2024-11-13,Power Bank,South
"These Bluetooth speakers have powerful bass and clear sound",2024-11-14,Speaker,East
"Sound distorts badly at higher volume levels",2024-11-15,Speaker,West
"Battery backup is great, played music for 12 hours straight",2024-11-16,Speaker,North
"Build quality feels cheap and plastic-like",2024-11-17,Speaker,South
"Easy to connect and the range is impressive",2024-11-18,Speaker,East
"Not worth the price, better options available cheaper",2024-11-19,Speaker,West
"Water resistant feature actually works as promised",2024-11-20,Speaker,North
"Customer support refused to help with warranty claim",2024-11-21,Speaker,South
"Perfect for outdoor parties, loud and clear",2024-11-22,Speaker,East
"Stopped pairing with my phone after a firmware update",2024-11-23,Speaker,West
"The fitness band is accurate and comfortable for daily use",2024-11-24,Fitness Band,North
"Display is too dim and hard to read in sunlight",2024-11-25,Fitness Band,South
"Battery lasts more than a week on a single charge",2024-11-26,Fitness Band,East
"App is full of bugs and crashes frequently",2024-11-27,Fitness Band,West
"Great for tracking sleep and daily activity",2024-11-28,Fitness Band,North
"Strap quality is poor and caused skin irritation",2024-11-29,Fitness Band,South
"Syncing with phone takes too long every time",2024-11-30,Fitness Band,East
"Affordable and does the basic job well",2024-12-01,Fitness Band,West
"Heart rate sensor stops working randomly",2024-12-02,Fitness Band,North
"Very satisfied with the overall performance and features",2024-12-03,Fitness Band,South
